unit_id,bcc_efficiency,ccr_efficiency,scale_efficiency,efficient_bcc
1,0.911797,0.906697,0.9944066497257613,False
2,1.0,1.0,1.0,True
3,1.0,0.864978,0.864978,True
4,0.890138,0.617941,0.6942080890828164,False
5,0.967621,0.954438,0.9863758641038176,False
6,1.0,1.0,1.0,True
7,0.801497,0.549034,0.6850106737766953,False
8,0.882338,0.53559,0.6070122787412534,False
9,0.787351,0.544439,0.6914819438852557,False
10,1.0,0.999583,0.999583,True
11,1.0,1.0,1.0,True
12,0.773301,0.60403,0.7811059341705234,False
13,1.0,0.996632,0.996632,True
14,0.854196,0.591167,0.6920741843792292,False
15,0.799227,0.653622,0.817817716368441,False
16,0.8835,0.875657,0.991122807017544,False
17,0.956601,0.956601,1.0,False
18,0.834199,0.719285,0.8622462985450713,False
19,1.0,1.0,1.0,True
20,0.971022,0.969967,0.9989135158626684,False
21,0.881798,0.657703,0.7458658332180387,False
22,0.916785,0.912358,0.9951711688127534,False
23,0.874729,0.796155,0.9101733222518059,False
24,1.0,1.0,1.0,True
25,0.867042,0.841339,0.9703555306432675,False
26,0.729226,0.450439,0.6176946515894934,False
27,0.85783,0.694891,0.8100567711551241,False
28,1.0,1.0,1.0,True
29,1.0,1.0,1.0,True
30,0.834455,0.801989,0.961093168595071,False
31,1.0,1.0,1.0,True
32,0.99264,0.828491,0.8346339055448098,False
33,1.0,0.980262,0.980262,True
34,0.9414,0.777902,0.8263246229020608,False
35,0.983118,0.957441,0.973882077227759,False
36,1.0,1.0,1.0,True
37,1.0,0.841891,0.841891,True
38,1.0,0.847199,0.847199,True
39,0.766418,0.735824,0.9600818352387339,False
40,0.982627,0.929973,0.9464150689936263,False
41,0.970254,0.934875,0.9635363523366047,False
42,0.963968,0.885712,0.9188188819545877,False
43,1.0,1.0,1.0,True
44,0.903477,0.865304,0.9577487860786716,False
45,0.976473,0.918745,0.9408811098719575,False
46,0.840476,0.799069,0.9507338698547014,False
47,1.0,1.0,1.0,True
48,0.999256,0.747656,0.7482126702266486,True
49,0.861682,0.757727,0.8793580462397962,False
50,0.894051,0.429233,0.48009901001173305,False
51,1.0,1.0,1.0,True
52,1.0,1.0,1.0,True
53,0.793071,0.593988,0.7489720340297401,False
54,1.0,1.0,1.0,True
55,0.850616,0.756757,0.8896576128358742,False
56,0.936733,0.933859,0.9969318898768379,False
57,0.916079,0.759241,0.8287942415446704,False
58,0.8666,0.646854,0.7464274174936534,False
59,1.0,0.844001,0.844001,True
60,0.87066,0.860813,0.9886901890519836,False
61,1.0,0.950593,0.950593,True
62,1.0,1.0,1.0,True
63,0.913622,0.913622,1.0,False
64,1.0,0.81843,0.81843,True
65,0.848468,0.669222,0.788741590725873,False
66,0.920455,0.920455,1.0,False
67,1.0,1.0,1.0,True
68,1.0,1.0,1.0,True
69,1.0,1.0,1.0,True
70,0.836744,0.738016,0.8820093122866731,False
71,1.0,1.0,1.0,True
72,0.772767,0.509868,0.6597952552321722,False
73,0.8567,0.856642,0.9999322983541497,False
74,0.917859,0.825179,0.899025885239454,False
75,1.0,1.0,1.0,True
76,1.0,1.0,1.0,True
77,1.0,0.800143,0.800143,True
78,1.0,1.0,1.0,True
79,1.0,1.0,1.0,True
80,0.959008,0.959008,1.0,False
81,0.900844,0.604792,0.6713615231938049,False
82,1.0,1.0,1.0,True
83,1.0,0.919915,0.919915,True
84,1.0,0.927169,0.927169,True
85,0.863996,0.727174,0.841640470557734,False
86,0.909132,0.786309,0.864900806483547,False
87,0.948837,0.661206,0.6968594184248716,False
88,0.976742,0.976742,1.0,False
89,0.933589,0.572578,0.6133084258704848,False
90,0.975665,0.925214,0.9482906530417715,False
91,1.0,1.0,1.0,True
92,1.0,0.80301,0.80301,True
93,1.0,1.0,1.0,True
94,0.923432,0.692989,0.7504494104601096,False
95,0.872892,0.826408,0.9467471348116376,False
96,1.0,0.885302,0.885302,True
97,1.0,1.0,1.0,True
98,0.754668,0.65117,0.8628562493705841,False
99,0.967211,0.716533,0.7408238740047414,False
100,1.0,1.0,1.0,True
101,1.0,1.0,1.0,True
102,0.852935,0.698422,0.8188455157778729,False
103,0.997997,0.990734,0.9927224230132956,False
104,0.881495,0.792725,0.8992960822239491,False
105,0.927381,0.848114,0.9145259607432112,False
106,1.0,0.992752,0.992752,True
107,0.844283,0.793414,0.9397488756732043,False
108,1.0,1.0,1.0,True
109,0.922135,0.78508,0.8513720876010562,False
110,1.0,1.0,1.0,True
111,0.873605,0.843028,0.9649990556372732,False
112,0.874542,0.750807,0.8585145138826952,False
113,1.0,1.0,1.0,True
114,0.972733,0.972733,1.0,False
115,1.0,1.0,1.0,True
116,0.88641,0.792061,0.8935605419613948,False
117,1.0,1.0,1.0,True
118,0.905286,0.803527,0.8875946386003981,False
119,0.904497,0.754549,0.8342194612032987,False
120,0.938693,0.821496,0.8751487440515696,False
121,0.830934,0.668473,0.8044838699583842,False
122,0.854957,0.854957,1.0,False
123,0.927204,0.875574,0.9443164611024111,False
124,1.0,1.0,1.0,True
125,1.0,1.0,1.0,True
126,0.922172,0.897465,0.973207818064309,False
127,0.961756,0.891084,0.9265177446254559,False
128,0.907641,0.886852,0.977095569724153,False
129,0.934311,0.861698,0.9222817669919331,False
130,1.0,0.969638,0.969638,True
131,0.838507,0.689872,0.8227385102330691,False
132,1.0,1.0,1.0,True
133,0.918933,0.548038,0.5963851553921777,False
134,0.927668,0.817482,0.8812225925654437,False
135,0.849718,0.797181,0.9381712521095235,False
136,1.0,1.0,1.0,True
137,0.9145,0.674018,0.7370344450519409,False
138,1.0,1.0,1.0,True
139,0.823204,0.727659,0.8839352092555428,False
140,0.976343,0.976343,1.0,False
141,1.0,0.705866,0.705866,True
142,0.762946,0.531992,0.6972865707402621,False
143,1.0,1.0,1.0,True
144,0.845021,0.695307,0.8228280717283949,False
145,0.819466,0.616942,0.7528585688729001,False
146,1.0,0.895006,0.895006,True
147,0.938184,0.818693,0.8726358582111824,False
148,1.0,1.0,1.0,True
149,1.0,0.950309,0.950309,True
150,0.892149,0.738835,0.828152023933222,False
151,1.0,1.0,1.0,True
152,0.881546,0.785152,0.890653465616088,False
153,0.957935,0.869665,0.9078538731751111,False
154,1.0,1.0,1.0,True
155,0.930472,0.75853,0.8152099149678873,False
156,0.942021,0.737754,0.7831608849484247,False
157,1.0,1.0,1.0,True
158,0.806395,0.5718,0.7090817775407834,False
159,0.959526,0.948702,0.9887194302186705,False
160,0.750126,0.729181,0.9720780242252635,False
161,0.798811,0.644661,0.8070256919346378,False
162,0.956753,0.940188,0.9826862314515868,False
163,1.0,1.0,1.0,True
164,1.0,1.0,1.0,True
165,0.908511,0.639688,0.7041059491849851,False
166,1.0,0.783739,0.783739,True
167,1.0,0.945163,0.945163,True
168,0.764236,0.494173,0.6466235560743016,False
169,0.926283,0.926283,1.0,False
170,0.90492,0.637686,0.7046877072006366,False
171,0.893135,0.791047,0.8856970110901486,False
172,0.867172,0.771061,0.8891673162878875,False
173,0.924654,0.890978,0.9635798904238776,False
174,1.0,1.0,1.0,True
175,1.0,1.0,1.0,True
176,1.0,1.0,1.0,True
177,0.877727,0.770715,0.8780805421275636,False
178,1.0,1.0,1.0,True
179,0.718189,0.526663,0.733320894639155,False
180,1.0,1.0,1.0,True
181,0.868742,0.696225,0.8014174519017153,False
182,1.0,1.0,1.0,True
183,0.824587,0.623475,0.7561057838651349,False
184,0.762937,0.568779,0.7455124079707761,False
185,0.924196,0.912116,0.9869291795246896,False
186,0.783546,0.438277,0.55935069542822,False
187,0.927048,0.797491,0.8602477973093087,False
188,1.0,0.977412,0.977412,True
189,1.0,0.803337,0.803337,True
190,0.788947,0.706926,0.8960373764017102,False
191,0.746523,0.664042,0.8895131161397573,False
192,0.890397,0.588185,0.6605873559771652,False
193,1.0,1.0,1.0,True
194,1.0,0.819913,0.819913,True
195,0.92362,0.906706,0.9816872739871376,False
196,0.904217,0.77971,0.8623040708148597,False
197,0.825779,0.63471,0.7686196912248918,False
198,0.950163,0.758953,0.7987608441919966,False
199,1.0,1.0,1.0,True
200,1.0,0.875473,0.875473,True
201,1.0,1.0,1.0,True
202,0.723016,0.709819,0.9817472918994877,False
203,1.0,1.0,1.0,True
204,0.810387,0.686853,0.8475617205113114,False
205,1.0,0.835212,0.835212,True
206,1.0,1.0,1.0,True
207,1.0,1.0,1.0,True
